accent-color	css-property
align-content	css-property
align-items	css-property
align-self	css-property
alignment-baseline	css-property
all	css-property
anchor-name	css-property
anchor-scope	css-property
animation	css-property
animation-composition	css-property
animation-delay	css-property
animation-direction	css-property
animation-duration	css-property
animation-fill-mode	css-property
animation-iteration-count	css-property
animation-name	css-property
animation-play-state	css-property
animation-range	css-property
animation-range-end	css-property
animation-range-start	css-property
animation-timeline	css-property
animation-timing-function	css-property
appearance	css-property
aspect-ratio	css-property
backdrop-filter	css-property
backface-visibility	css-property
background	css-property
background-attachment	css-property
background-blend-mode	css-property
background-clip	css-property
background-color	css-property
background-image	css-property
background-origin	css-property
background-position	css-property
background-position-x	css-property
background-position-y	css-property
background-repeat	css-property
background-repeat-x	css-property
background-repeat-y	css-property
background-size	css-property
baseline-shift	css-property
baseline-source	css-property
block-size	css-property
border	css-property
border-block	css-property
border-block-color	css-property
border-block-end	css-property
border-block-end-color	css-property
border-block-end-style	css-property
border-block-end-width	css-property
border-block-start	css-property
border-block-start-color	css-property
border-block-start-style	css-property
border-block-start-width	css-property
border-block-style	css-property
border-block-width	css-property
border-bottom	css-property
border-bottom-color	css-property
border-bottom-left-radius	css-property
border-bottom-right-radius	css-property
border-bottom-style	css-property
border-bottom-width	css-property
border-collapse	css-property
border-color	css-property
border-end-end-radius	css-property
border-end-start-radius	css-property
border-image	css-property
border-image-outset	css-property
border-image-repeat	css-property
border-image-slice	css-property
border-image-source	css-property
border-image-width	css-property
border-inline	css-property
border-inline-color	css-property
border-inline-end	css-property
border-inline-end-color	css-property
border-inline-end-style	css-property
border-inline-end-width	css-property
border-inline-start	css-property
border-inline-start-color	css-property
border-inline-start-style	css-property
border-inline-start-width	css-property
border-inline-style	css-property
border-inline-width	css-property
border-left	css-property
border-left-color	css-property
border-left-style	css-property
border-left-width	css-property
border-radius	css-property
border-right	css-property
border-right-color	css-property
border-right-style	css-property
border-right-width	css-property
border-spacing	css-property
border-start-end-radius	css-property
border-start-start-radius	css-property
border-style	css-property
border-top	css-property
border-top-color	css-property
border-top-left-radius	css-property
border-top-right-radius	css-property
border-top-style	css-property
border-top-width	css-property
border-width	css-property
bottom	css-property
box-align	css-property
box-decoration-break	css-property
box-direction	css-property
box-flex	css-property
box-flex-group	css-property
box-lines	css-property
box-ordinal-group	css-property
box-orient	css-property
box-pack	css-property
box-shadow	css-property
box-sizing	css-property
break-after	css-property
break-before	css-property
break-inside	css-property
caption-side	css-property
caret	css-property
caret-animation	css-property
caret-color	css-property
caret-shape	css-property
clear	css-property
clip	css-property
clip-path	css-property
clip-rule	css-property
color	css-property
color-interpolation	css-property
color-interpolation-filters	css-property
color-scheme	css-property
column-count	css-property
column-fill	css-property
column-gap	css-property
column-height	css-property
column-rule	css-property
column-rule-color	css-property
column-rule-style	css-property
column-rule-width	css-property
column-span	css-property
column-width	css-property
column-wrap	css-property
columns	css-property
contain	css-property
contain-intrinsic-block-size	css-property
contain-intrinsic-height	css-property
contain-intrinsic-inline-size	css-property
contain-intrinsic-size	css-property
contain-intrinsic-width	css-property
container	css-property
container-name	css-property
container-type	css-property
content	css-property
content-visibility	css-property
corner-block-end-shape	css-property
corner-block-start-shape	css-property
corner-bottom-left-shape	css-property
corner-bottom-right-shape	css-property
corner-bottom-shape	css-property
corner-end-end-shape	css-property
corner-end-start-shape	css-property
corner-inline-end-shape	css-property
corner-inline-start-shape	css-property
corner-left-shape	css-property
corner-right-shape	css-property
corner-shape	css-property
corner-start-end-shape	css-property
corner-start-start-shape	css-property
corner-top-left-shape	css-property
corner-top-right-shape	css-property
corner-top-shape	css-property
counter-increment	css-property
counter-reset	css-property
counter-set	css-property
cursor	css-property
cx	css-property
cy	css-property
d	css-property
direction	css-property
display	css-property
dominant-baseline	css-property
dynamic-range-limit	css-property
empty-cells	css-property
field-sizing	css-property
fill	css-property
fill-opacity	css-property
fill-rule	css-property
filter	css-property
flex	css-property
flex-basis	css-property
flex-direction	css-property
flex-flow	css-property
flex-grow	css-property
flex-shrink	css-property
flex-wrap	css-property
float	css-property
flood-color	css-property
flood-opacity	css-property
font	css-property
font-family	css-property
font-feature-settings	css-property
font-kerning	css-property
font-language-override	css-property
font-optical-sizing	css-property
font-palette	css-property
font-size	css-property
font-size-adjust	css-property
font-smooth	css-property
font-stretch	css-property
font-style	css-property
font-synthesis	css-property
font-synthesis-position	css-property
font-synthesis-small-caps	css-property
font-synthesis-style	css-property
font-synthesis-weight	css-property
font-variant	css-property
font-variant-alternates	css-property
font-variant-caps	css-property
font-variant-east-asian	css-property
font-variant-emoji	css-property
font-variant-ligatures	css-property
font-variant-numeric	css-property
font-variant-position	css-property
font-variation-settings	css-property
font-weight	css-property
font-width	css-property
forced-color-adjust	css-property
gap	css-property
grid	css-property
grid-area	css-property
grid-auto-columns	css-property
grid-auto-flow	css-property
grid-auto-rows	css-property
grid-column	css-property
grid-column-end	css-property
grid-column-start	css-property
grid-row	css-property
grid-row-end	css-property
grid-row-start	css-property
grid-template	css-property
grid-template-areas	css-property
grid-template-columns	css-property
grid-template-rows	css-property
hanging-punctuation	css-property
height	css-property
hyphenate-character	css-property
hyphenate-limit-chars	css-property
hyphens	css-property
image-orientation	css-property
image-rendering	css-property
image-resolution	css-property
initial-letter	css-property
inline-size	css-property
inset	css-property
inset-block	css-property
inset-block-end	css-property
inset-block-start	css-property
inset-inline	css-property
inset-inline-end	css-property
inset-inline-start	css-property
interactivity	css-property
interest-delay	css-property
interest-delay-end	css-property
interest-delay-start	css-property
interpolate-size	css-property
isolation	css-property
justify-content	css-property
justify-items	css-property
justify-self	css-property
left	css-property
letter-spacing	css-property
lighting-color	css-property
line-break	css-property
line-clamp	css-property
line-height	css-property
line-height-step	css-property
list-style	css-property
list-style-image	css-property
list-style-position	css-property
list-style-type	css-property
margin	css-property
margin-block	css-property
margin-block-end	css-property
margin-block-start	css-property
margin-bottom	css-property
margin-inline	css-property
margin-inline-end	css-property
margin-inline-start	css-property
margin-left	css-property
margin-right	css-property
margin-top	css-property
margin-trim	css-property
marker	css-property
marker-end	css-property
marker-mid	css-property
marker-start	css-property
mask	css-property
mask-border	css-property
mask-border-mode	css-property
mask-border-outset	css-property
mask-border-repeat	css-property
mask-border-slice	css-property
mask-border-source	css-property
mask-border-width	css-property
mask-clip	css-property
mask-composite	css-property
mask-image	css-property
mask-mode	css-property
mask-origin	css-property
mask-position	css-property
mask-repeat	css-property
mask-size	css-property
mask-type	css-property
math-depth	css-property
math-shift	css-property
math-style	css-property
max-block-size	css-property
max-height	css-property
max-inline-size	css-property
max-width	css-property
min-block-size	css-property
min-height	css-property
min-inline-size	css-property
min-width	css-property
mix-blend-mode	css-property
object-fit	css-property
object-position	css-property
object-view-box	css-property
offset	css-property
offset-anchor	css-property
offset-distance	css-property
offset-path	css-property
offset-position	css-property
offset-rotate	css-property
opacity	css-property
order	css-property
orphans	css-property
outline	css-property
outline-color	css-property
outline-offset	css-property
outline-style	css-property
outline-width	css-property
overflow	css-property
overflow-anchor	css-property
overflow-block	css-property
overflow-clip-margin	css-property
overflow-inline	css-property
overflow-wrap	css-property
overflow-x	css-property
overflow-y	css-property
overlay	css-property
overscroll-behavior	css-property
overscroll-behavior-block	css-property
overscroll-behavior-inline	css-property
overscroll-behavior-x	css-property
overscroll-behavior-y	css-property
padding	css-property
padding-block	css-property
padding-block-end	css-property
padding-block-start	css-property
padding-bottom	css-property
padding-inline	css-property
padding-inline-end	css-property
padding-inline-start	css-property
padding-left	css-property
padding-right	css-property
padding-top	css-property
page	css-property
page-break-after	css-property
page-break-before	css-property
page-break-inside	css-property
paint-order	css-property
perspective	css-property
perspective-origin	css-property
place-content	css-property
place-items	css-property
place-self	css-property
pointer-events	css-property
position	css-property
position-anchor	css-property
position-area	css-property
position-try	css-property
position-try-fallbacks	css-property
position-try-order	css-property
position-visibility	css-property
print-color-adjust	css-property
quotes	css-property
r	css-property
reading-flow	css-property
reading-order	css-property
resize	css-property
right	css-property
rotate	css-property
row-gap	css-property
ruby-align	css-property
ruby-overhang	css-property
ruby-position	css-property
rx	css-property
ry	css-property
scale	css-property
scroll-behavior	css-property
scroll-initial-target	css-property
scroll-margin	css-property
scroll-margin-block	css-property
scroll-margin-block-end	css-property
scroll-margin-block-start	css-property
scroll-margin-bottom	css-property
scroll-margin-inline	css-property
scroll-margin-inline-end	css-property
scroll-margin-inline-start	css-property
scroll-margin-left	css-property
scroll-margin-right	css-property
scroll-margin-top	css-property
scroll-marker-group	css-property
scroll-padding	css-property
scroll-padding-block	css-property
scroll-padding-block-end	css-property
scroll-padding-block-start	css-property
scroll-padding-bottom	css-property
scroll-padding-inline	css-property
scroll-padding-inline-end	css-property
scroll-padding-inline-start	css-property
scroll-padding-left	css-property
scroll-padding-right	css-property
scroll-padding-top	css-property
scroll-snap-align	css-property
scroll-snap-stop	css-property
scroll-snap-type	css-property
scroll-target-group	css-property
scroll-timeline	css-property
scroll-timeline-axis	css-property
scroll-timeline-name	css-property
scrollbar-color	css-property
scrollbar-gutter	css-property
scrollbar-width	css-property
shape-image-threshold	css-property
shape-margin	css-property
shape-outside	css-property
shape-rendering	css-property
speak-as	css-property
stop-color	css-property
stop-opacity	css-property
stroke	css-property
stroke-dasharray	css-property
stroke-dashoffset	css-property
stroke-linecap	css-property
stroke-linejoin	css-property
stroke-miterlimit	css-property
stroke-opacity	css-property
stroke-width	css-property
tab-size	css-property
table-layout	css-property
text-align	css-property
text-align-last	css-property
text-anchor	css-property
text-autospace	css-property
text-box	css-property
text-box-edge	css-property
text-box-trim	css-property
text-combine-upright	css-property
text-decoration	css-property
text-decoration-color	css-property
text-decoration-inset	css-property
text-decoration-line	css-property
text-decoration-skip	css-property
text-decoration-skip-ink	css-property
text-decoration-style	css-property
text-decoration-thickness	css-property
text-emphasis	css-property
text-emphasis-color	css-property
text-emphasis-position	css-property
text-emphasis-style	css-property
text-indent	css-property
text-justify	css-property
text-orientation	css-property
text-overflow	css-property
text-rendering	css-property
text-shadow	css-property
text-size-adjust	css-property
text-spacing-trim	css-property
text-transform	css-property
text-underline-offset	css-property
text-underline-position	css-property
text-wrap	css-property
text-wrap-mode	css-property
text-wrap-style	css-property
timeline-scope	css-property
top	css-property
touch-action	css-property
transform	css-property
transform-box	css-property
transform-origin	css-property
transform-style	css-property
transition	css-property
transition-behavior	css-property
transition-delay	css-property
transition-duration	css-property
transition-property	css-property
transition-timing-function	css-property
translate	css-property
unicode-bidi	css-property
user-modify	css-property
user-select	css-property
vector-effect	css-property
vertical-align	css-property
view-timeline	css-property
view-timeline-axis	css-property
view-timeline-inset	css-property
view-timeline-name	css-property
view-transition-class	css-property
view-transition-name	css-property
visibility	css-property
white-space	css-property
white-space-collapse	css-property
widows	css-property
width	css-property
will-change	css-property
word-break	css-property
word-spacing	css-property
writing-mode	css-property
x	css-property
y	css-property
z-index	css-property
zoom	css-property
